[{"pk": "", "model": "drinks.uom", "fields": {"created": "2019-03-29T01:52:04.133Z"}}, {"pk": "barspoon", "model": "drinks.uom", "fields": {"created": "2019-03-29T01:52:04.135Z"}}, {"pk": "cube", "model": "drinks.uom", "fields": {"created": "2019-04-08T00:19:11.973Z"}}, {"pk": "dash", "model": "drinks.uom", "fields": {"created": "2019-03-29T01:52:04.134Z"}}, {"pk": "drop", "model": "drinks.uom", "fields": {"created": "2019-04-05T23:05:18.497Z"}}, {"pk": "leaf", "model": "drinks.uom", "fields": {"created": "2019-03-29T01:52:04.138Z"}}, {"pk": "oz", "model": "drinks.uom", "fields": {"created": "2019-03-29T01:52:04.134Z"}}, {"pk": "pinch", "model": "drinks.uom", "fields": {"created": "2019-03-29T01:52:04.135Z"}}, {"pk": "rinse", "model": "drinks.uom", "fields": {"created": "2019-03-29T23:36:11.854Z"}}, {"pk": "slice", "model": "drinks.uom", "fields": {"created": "2019-04-10T01:26:52.457Z"}}, {"pk": "sprig", "model": "drinks.uom", "fields": {"created": "2019-03-29T01:52:04.137Z"}}, {"pk": "spritz", "model": "drinks.uom", "fields": {"created": "2019-03-29T01:52:04.138Z"}}, {"pk": "tablespoon", "model": "drinks.uom", "fields": {"created": "2019-03-29T01:52:04.136Z"}}, {"pk": "teaspoon", "model": "drinks.uom", "fields": {"created": "2019-03-29T01:52:04.136Z"}}, {"pk": "wedge", "model": "drinks.uom", "fields": {"created": "2019-03-29T01:52:04.139Z"}}, {"pk": 0, "model": "drinks.ingredient", "fields": {"category": 1, "description": null, "created": "2018-11-21T20:17:33.735Z", "generic": false, "substitutions": [], "name": "Rum"}}, {"pk": 1, "model": "drinks.ingredient", "fields": {"category": 1, "description": null, "created": "2018-11-21T20:17:33.735Z", "generic": false, "substitutions": [], "name": "Gin"}}, {"pk": 2, "model": "drinks.ingredient", "fields": {"category": 1, "description": null, "created": "2018-11-21T20:17:33.735Z", "generic": false, "substitutions": [], "name": "Brandy"}}, {"pk": 3, "model": "drinks.ingredient", "fields": {"category": 1, "description": null, "created": "2018-11-21T20:17:33.735Z", "generic": false, "substitutions": [], "name": "Cognac"}}, {"pk": 4, "model": "drinks.ingredient", "fields": {"category": 1, "description": null, "created": "2018-11-21T20:17:33.735Z", "generic": false, "substitutions": [], "name": "Rye"}}, {"pk": 5, "model": "drinks.ingredient", "fields": {"category": 1, "description": null, "created": "2018-11-21T20:17:33.735Z", "generic": false, "substitutions": [], "name": "Bourbon"}}, {"pk": 6, "model": "drinks.ingredient", "fields": {"category": 1, "description": null, "created": "2018-11-21T20:17:33.735Z", "generic": false, "substitutions": [], "name": "Sweet Vermouth"}}, {"pk": 7, "model": "drinks.ingredient", "fields": {"category": 1, "description": null, "created": "2018-11-21T20:17:33.735Z", "generic": false, "substitutions": [], "name": "Dry Vermouth"}}, {"pk": 8, "model": "drinks.ingredient", "fields": {"category": 5, "description": null, "created": "2018-11-21T20:17:33.735Z", "generic": false, "substitutions": [], "name": "Prosecco"}}, {"pk": 9, "model": "drinks.ingredient", "fields": {"category": 1, "description": null, "created": "2018-11-21T20:17:33.735Z", "generic": false, "substitutions": [], "name": "Campari"}}, {"pk": 10, "model": "drinks.ingredient", "fields": {"category": 4, "description": null, "created": "2018-11-21T20:17:33.735Z", "generic": false, "substitutions": [], "name": "Lemon Juice"}}, {"pk": 11, "model": "drinks.ingredient", "fields": {"category": 2, "description": null, "created": "2018-11-21T20:17:33.735Z", "generic": false, "substitutions": [], "name": "Orange Bitters"}}, {"pk": 12, "model": "drinks.ingredient", "fields": {"category": 1, "description": null, "created": "2018-11-21T20:17:33.735Z", "generic": false, "substitutions": [], "name": "Green Chartreuse"}}, {"pk": 13, "model": "drinks.ingredient", "fields": {"category": 4, "description": null, "created": "2018-11-21T20:17:33.735Z", "generic": false, "substitutions": [], "name": "Lime Juice"}}, {"pk": 14, "model": "drinks.ingredient", "fields": {"category": 3, "description": null, "created": "2018-11-21T20:17:33.735Z", "generic": false, "substitutions": [], "name": "Simple Syrup"}}, {"pk": 15, "model": "drinks.ingredient", "fields": {"category": 5, "description": null, "created": "2018-11-21T20:17:33.735Z", "generic": false, "substitutions": [], "name": "Mint"}}, {"pk": 16, "model": "drinks.ingredient", "fields": {"category": 1, "description": null, "created": "2018-11-21T20:17:33.735Z", "generic": false, "substitutions": [], "name": "Benedictine"}}, {"pk": 17, "model": "drinks.ingredient", "fields": {"category": 1, "description": null, "created": "2018-11-21T20:17:33.735Z", "generic": false, "substitutions": [], "name": "Luxardo Maraschino"}}, {"pk": 18, "model": "drinks.ingredient", "fields": {"category": 5, "description": null, "created": "2018-11-21T20:17:33.735Z", "generic": false, "substitutions": [], "name": "Soda Water"}}, {"pk": 19, "model": "drinks.ingredient", "fields": {"category": 2, "description": null, "created": "2018-11-21T20:17:33.735Z", "generic": false, "substitutions": [], "name": "Angostura Bitters"}}, {"pk": 20, "model": "drinks.ingredient", "fields": {"category": 4, "description": null, "created": "2018-11-21T20:17:33.735Z", "generic": false, "substitutions": [], "name": "Grapefruit Juice"}}, {"pk": 21, "model": "drinks.ingredient", "fields": {"category": 2, "description": null, "created": "2018-11-21T20:17:33.735Z", "generic": false, "substitutions": [], "name": "Peychaud's Bitters"}}, {"pk": 22, "model": "drinks.ingredient", "fields": {"category": 1, "description": null, "created": "2018-11-21T20:17:33.735Z", "generic": false, "substitutions": [], "name": "Absinthe"}}, {"pk": 23, "model": "drinks.ingredient", "fields": {"category": 3, "description": null, "created": "2018-11-21T20:17:33.735Z", "generic": false, "substitutions": [], "name": "Honey Syrup"}}, {"pk": 24, "model": "drinks.ingredient", "fields": {"category": 1, "description": null, "created": "2018-11-21T20:17:33.735Z", "generic": false, "substitutions": [], "name": "Laird's Applejack"}}, {"pk": 25, "model": "drinks.ingredient", "fields": {"category": 1, "description": null, "created": "2018-11-21T20:17:33.735Z", "generic": false, "substitutions": [4], "name": "Plymouth Gin"}}, {"pk": 26, "model": "drinks.ingredient", "fields": {"category": 3, "description": null, "created": "2018-11-21T20:17:33.735Z", "generic": false, "substitutions": [], "name": "Orgeat"}}, {"pk": 27, "model": "drinks.ingredient", "fields": {"category": 1, "description": null, "created": "2018-11-21T20:17:33.735Z", "generic": false, "substitutions": [], "name": "Cointreau"}}, {"pk": 28, "model": "drinks.ingredient", "fields": {"category": 1, "description": null, "created": "2018-11-21T20:17:33.735Z", "generic": false, "substitutions": [], "name": "Grenadine"}}, {"pk": 29, "model": "drinks.ingredient", "fields": {"category": 1, "description": null, "created": "2018-11-21T20:17:33.735Z", "generic": false, "substitutions": [], "name": "Allspice Dram"}}, {"pk": 30, "model": "drinks.ingredient", "fields": {"category": 3, "description": null, "created": "2018-11-21T20:17:33.735Z", "generic": false, "substitutions": [], "name": "Agave Syrup"}}, {"pk": 31, "model": "drinks.ingredient", "fields": {"category": 1, "description": null, "created": "2018-11-21T20:17:33.735Z", "generic": false, "substitutions": [], "name": "Apricot Liqueur"}}, {"pk": 32, "model": "drinks.ingredient", "fields": {"category": 3, "description": null, "created": "2018-11-21T20:17:33.735Z", "generic": false, "substitutions": [], "name": "Demerara syrup"}}, {"pk": 33, "model": "drinks.ingredient", "fields": {"category": 1, "description": null, "created": "2018-11-21T20:17:33.735Z", "generic": false, "substitutions": [], "name": "Amaro"}}, {"pk": 34, "model": "drinks.ingredient", "fields": {"category": 1, "description": null, "created": "2018-11-21T20:17:33.735Z", "generic": false, "substitutions": [], "name": "Cherry Heering"}}, {"pk": 35, "model": "drinks.ingredient", "fields": {"category": 1, "description": null, "created": "2018-11-21T20:17:33.735Z", "generic": false, "substitutions": [2], "name": "Blanco Tequila"}}, {"pk": 36, "model": "drinks.ingredient", "fields": {"category": 1, "description": null, "created": "2018-11-21T20:17:33.735Z", "generic": false, "substitutions": [], "name": "Swedish Punsch"}}, {"pk": 37, "model": "drinks.ingredient", "fields": {"category": 1, "description": null, "created": "2018-11-23T16:08:53.109Z", "generic": false, "substitutions": [], "name": "Maraschino Liqueur"}}, {"pk": 38, "model": "drinks.ingredient", "fields": {"category": 1, "description": null, "created": "2018-12-01T23:19:52.592Z", "generic": false, "substitutions": [], "name": "Lemon"}}, {"pk": 39, "model": "drinks.ingredient", "fields": {"category": 2, "description": null, "created": "2019-01-01T15:57:15.505Z", "generic": false, "substitutions": [], "name": "Mole Bitters"}}, {"pk": 40, "model": "drinks.ingredient", "fields": {"category": 5, "description": null, "created": "2019-06-01T17:16:46.539Z", "generic": false, "substitutions": [], "name": "Club Soda"}}, {"pk": 41, "model": "drinks.ingredient", "fields": {"category": 1, "description": null, "created": "2019-06-14T22:41:24.381Z", "generic": false, "substitutions": [1], "name": "Bacardi White Rum"}}, {"pk": 42, "model": "drinks.ingredient", "fields": {"category": 1, "description": null, "created": "2019-07-16T01:24:05.785Z", "generic": false, "substitutions": [], "name": "Creme de Menthe"}}, {"pk": 0, "model": "drinks.quantity", "fields": {"amount": 0.75, "recipe": 0, "hidden": false, "unit": "oz", "ingredient": 1}}, {"pk": 1, "model": "drinks.quantity", "fields": {"amount": 0.75, "recipe": 0, "hidden": false, "unit": "oz", "ingredient": 12}}, {"pk": 2, "model": "drinks.quantity", "fields": {"amount": 0.75, "recipe": 0, "hidden": false, "unit": "oz", "ingredient": 17}}, {"pk": 3, "model": "drinks.quantity", "fields": {"amount": 0.75, "recipe": 0, "hidden": false, "unit": "oz", "ingredient": 13}}, {"pk": 4, "model": "drinks.quantity", "fields": {"amount": 2.0, "recipe": 1, "hidden": false, "unit": "oz", "ingredient": 4}}, {"pk": 5, "model": "drinks.quantity", "fields": {"amount": 1.0, "recipe": 1, "hidden": false, "unit": "oz", "ingredient": 6}}, {"pk": 6, "model": "drinks.quantity", "fields": {"amount": 2.0, "recipe": 1, "hidden": false, "unit": "dash", "ingredient": 19}}, {"pk": 7, "model": "drinks.quantity", "fields": {"amount": 1.0, "recipe": 2, "hidden": false, "unit": "oz", "ingredient": 1}}, {"pk": 8, "model": "drinks.quantity", "fields": {"amount": 1.0, "recipe": 2, "hidden": false, "unit": "oz", "ingredient": 9}}, {"pk": 9, "model": "drinks.quantity", "fields": {"amount": 1.0, "recipe": 2, "hidden": false, "unit": "oz", "ingredient": 6}}, {"pk": 10, "model": "drinks.quantity", "fields": {"amount": 1.0, "recipe": 3, "hidden": false, "unit": "oz", "ingredient": 4}}, {"pk": 11, "model": "drinks.quantity", "fields": {"amount": 1.0, "recipe": 3, "hidden": false, "unit": "oz", "ingredient": 9}}, {"pk": 12, "model": "drinks.quantity", "fields": {"amount": 1.0, "recipe": 3, "hidden": false, "unit": "oz", "ingredient": 6}}, {"pk": 13, "model": "drinks.quantity", "fields": {"amount": 2.0, "recipe": 4, "hidden": false, "unit": "oz", "ingredient": 5}}, {"pk": 14, "model": "drinks.quantity", "fields": {"amount": 1.0, "recipe": 4, "hidden": false, "unit": "oz", "ingredient": 7}}, {"pk": 15, "model": "drinks.quantity", "fields": {"amount": 0.25, "recipe": 4, "hidden": false, "unit": "oz", "ingredient": 10}}, {"pk": 16, "model": "drinks.quantity", "fields": {"amount": 0.5, "recipe": 4, "hidden": false, "unit": "oz", "ingredient": 28}}, {"pk": 17, "model": "drinks.quantity", "fields": {"amount": 2.0, "recipe": 4, "hidden": false, "unit": "dash", "ingredient": 11}}, {"pk": 18, "model": "drinks.quantity", "fields": {"amount": 2.0, "recipe": 5, "hidden": false, "unit": "oz", "ingredient": 0}}, {"pk": 19, "model": "drinks.quantity", "fields": {"amount": 0.75, "recipe": 5, "hidden": false, "unit": "oz", "ingredient": 13}}, {"pk": 20, "model": "drinks.quantity", "fields": {"amount": 0.75, "recipe": 5, "hidden": false, "unit": "oz", "ingredient": 32}}, {"pk": 21, "model": "drinks.quantity", "fields": {"amount": 0.75, "recipe": 6, "hidden": false, "unit": "oz", "ingredient": 4}}, {"pk": 22, "model": "drinks.quantity", "fields": {"amount": 0.75, "recipe": 6, "hidden": false, "unit": "oz", "ingredient": 3}}, {"pk": 23, "model": "drinks.quantity", "fields": {"amount": 0.75, "recipe": 6, "hidden": false, "unit": "oz", "ingredient": 6}}, {"pk": 24, "model": "drinks.quantity", "fields": {"amount": 0.25, "recipe": 6, "hidden": false, "unit": "oz", "ingredient": 16}}, {"pk": 25, "model": "drinks.quantity", "fields": {"amount": 2.0, "recipe": 6, "hidden": false, "unit": "dash", "ingredient": 21}}, {"pk": 26, "model": "drinks.quantity", "fields": {"amount": 2.0, "recipe": 6, "hidden": false, "unit": "dash", "ingredient": 19}}, {"pk": 27, "model": "drinks.quantity", "fields": {"amount": 2.0, "recipe": 7, "hidden": false, "unit": "oz", "ingredient": 35}}, {"pk": 28, "model": "drinks.quantity", "fields": {"amount": 1.0, "recipe": 7, "hidden": false, "unit": "oz", "ingredient": 13}}, {"pk": 29, "model": "drinks.quantity", "fields": {"amount": 0.5, "recipe": 7, "hidden": false, "unit": "oz", "ingredient": 27}}, {"pk": 30, "model": "drinks.quantity", "fields": {"amount": 0.5, "recipe": 7, "hidden": false, "unit": "oz", "ingredient": 30}}, {"pk": 31, "model": "drinks.quantity", "fields": {"amount": 1.5, "recipe": 8, "hidden": false, "unit": "oz", "ingredient": 33}}, {"pk": 32, "model": "drinks.quantity", "fields": {"amount": 4.0, "recipe": 8, "hidden": false, "unit": "oz", "ingredient": 8}}, {"pk": 33, "model": "drinks.quantity", "fields": {"amount": 0.5, "recipe": 8, "hidden": false, "unit": "", "ingredient": 38}}, {"pk": 34, "model": "drinks.quantity", "fields": {"amount": 2.0, "recipe": 10, "hidden": false, "unit": "oz", "ingredient": 41}}, {"pk": 35, "model": "drinks.quantity", "fields": {"amount": 0.75, "recipe": 10, "hidden": false, "unit": "oz", "ingredient": 13}}, {"pk": 36, "model": "drinks.quantity", "fields": {"amount": 0.5, "recipe": 10, "hidden": false, "unit": "oz", "ingredient": 14}}, {"pk": 37, "model": "drinks.quantity", "fields": {"amount": 1.0, "recipe": 10, "hidden": false, "unit": "sprig", "ingredient": 15}}, {"pk": 38, "model": "drinks.quantity", "fields": {"amount": 0.5, "recipe": 10, "hidden": false, "unit": "oz", "ingredient": 18}}, {"pk": 39, "model": "drinks.quantity", "fields": {"amount": 2.0, "recipe": 11, "hidden": false, "unit": "oz", "ingredient": 3}}, {"pk": 40, "model": "drinks.quantity", "fields": {"amount": 1.0, "recipe": 11, "hidden": false, "unit": "oz", "ingredient": 42}}, {"pk": 41, "model": "drinks.quantity", "fields": {"amount": 2.0, "recipe": 12, "hidden": false, "unit": "oz", "ingredient": 4}}, {"pk": 42, "model": "drinks.quantity", "fields": {"amount": 1.0, "recipe": 12, "hidden": false, "unit": "oz", "ingredient": 6}}, {"pk": 43, "model": "drinks.quantity", "fields": {"amount": 1.0, "recipe": 12, "hidden": false, "unit": "oz", "ingredient": 9}}, {"pk": 44, "model": "drinks.quantity", "fields": {"amount": 1.0, "recipe": 12, "hidden": false, "unit": "dash", "ingredient": 39}}, {"pk": 45, "model": "drinks.quantity", "fields": {"amount": 2.0, "recipe": 13, "hidden": false, "unit": "oz", "ingredient": 2}}, {"pk": 46, "model": "drinks.quantity", "fields": {"amount": 0.5, "recipe": 13, "hidden": false, "unit": "oz", "ingredient": 26}}, {"pk": 47, "model": "drinks.quantity", "fields": {"amount": 2.0, "recipe": 13, "hidden": false, "unit": "dash", "ingredient": 19}}, {"pk": 48, "model": "drinks.quantity", "fields": {"amount": 1.0, "recipe": 14, "hidden": false, "unit": "oz", "ingredient": 1}}, {"pk": 49, "model": "drinks.quantity", "fields": {"amount": 1.0, "recipe": 14, "hidden": false, "unit": "oz", "ingredient": 36}}, {"pk": 50, "model": "drinks.quantity", "fields": {"amount": 0.5, "recipe": 14, "hidden": false, "unit": "oz", "ingredient": 31}}, {"pk": 51, "model": "drinks.quantity", "fields": {"amount": 0.5, "recipe": 14, "hidden": false, "unit": "oz", "ingredient": 10}}, {"pk": 52, "model": "drinks.quantity", "fields": {"amount": 1.0, "recipe": 15, "hidden": false, "unit": "oz", "ingredient": 9}}, {"pk": 53, "model": "drinks.quantity", "fields": {"amount": 1.0, "recipe": 15, "hidden": false, "unit": "oz", "ingredient": 7}}, {"pk": 54, "model": "drinks.quantity", "fields": {"amount": 1.0, "recipe": 15, "hidden": false, "unit": "oz", "ingredient": 13}}, {"pk": 55, "model": "drinks.quantity", "fields": {"amount": 0.75, "recipe": 15, "hidden": false, "unit": "oz", "ingredient": 14}}, {"pk": 56, "model": "drinks.quantity", "fields": {"amount": 2.0, "recipe": 15, "hidden": false, "unit": "oz", "ingredient": 18}}, {"pk": 57, "model": "drinks.quantity", "fields": {"amount": 2.0, "recipe": 9, "hidden": false, "unit": "oz", "ingredient": 1}}, {"pk": 58, "model": "drinks.quantity", "fields": {"amount": 1.0, "recipe": 9, "hidden": false, "unit": "oz", "ingredient": 10}}, {"pk": 59, "model": "drinks.quantity", "fields": {"amount": 0.5, "recipe": 9, "hidden": false, "unit": "oz", "ingredient": 14}}, {"pk": 60, "model": "drinks.quantity", "fields": {"amount": 3.0, "recipe": 9, "hidden": false, "unit": "oz", "ingredient": 40}}, {"pk": 61, "model": "drinks.quantity", "fields": {"amount": 2.25, "recipe": 16, "hidden": false, "unit": "oz", "ingredient": 1}}, {"pk": 62, "model": "drinks.quantity", "fields": {"amount": 0.75, "recipe": 16, "hidden": false, "unit": "oz", "ingredient": 17}}, {"pk": 63, "model": "drinks.quantity", "fields": {"amount": 0.75, "recipe": 16, "hidden": false, "unit": "oz", "ingredient": 20}}, {"pk": 64, "model": "drinks.quantity", "fields": {"amount": 1.5, "recipe": 17, "hidden": false, "unit": "oz", "ingredient": 1}}, {"pk": 65, "model": "drinks.quantity", "fields": {"amount": 0.75, "recipe": 17, "hidden": false, "unit": "oz", "ingredient": 10}}, {"pk": 66, "model": "drinks.quantity", "fields": {"amount": 0.5, "recipe": 17, "hidden": false, "unit": "oz", "ingredient": 37}}, {"pk": 67, "model": "drinks.quantity", "fields": {"amount": 3.0, "recipe": 17, "hidden": false, "unit": "sprig", "ingredient": 15}}, {"pk": 68, "model": "drinks.quantity", "fields": {"amount": 2.0, "recipe": 18, "hidden": false, "unit": "oz", "ingredient": 5}}, {"pk": 69, "model": "drinks.quantity", "fields": {"amount": 0.5, "recipe": 18, "hidden": false, "unit": "oz", "ingredient": 29}}, {"pk": 70, "model": "drinks.quantity", "fields": {"amount": 0.5, "recipe": 18, "hidden": false, "unit": "oz", "ingredient": 13}}, {"pk": 71, "model": "drinks.quantity", "fields": {"amount": 1.0, "recipe": 18, "hidden": false, "unit": "teaspoon", "ingredient": 14}}, {"pk": 72, "model": "drinks.quantity", "fields": {"amount": 1.0, "recipe": 18, "hidden": false, "unit": "dash", "ingredient": 19}}, {"pk": 73, "model": "drinks.quantity", "fields": {"amount": 1.5, "recipe": 19, "hidden": false, "unit": "oz", "ingredient": 1}}, {"pk": 74, "model": "drinks.quantity", "fields": {"amount": 1.0, "recipe": 19, "hidden": false, "unit": "oz", "ingredient": 16}}, {"pk": 75, "model": "drinks.quantity", "fields": {"amount": 1.0, "recipe": 19, "hidden": false, "unit": "oz", "ingredient": 13}}, {"pk": 76, "model": "drinks.quantity", "fields": {"amount": 0.25, "recipe": 19, "hidden": false, "unit": "oz", "ingredient": 14}}, {"pk": 77, "model": "drinks.quantity", "fields": {"amount": 0.5, "recipe": 19, "hidden": false, "unit": "oz", "ingredient": 34}}, {"pk": 78, "model": "drinks.quantity", "fields": {"amount": 2.0, "recipe": 19, "hidden": false, "unit": "oz", "ingredient": 18}}, {"pk": 79, "model": "drinks.quantity", "fields": {"amount": 2.0, "recipe": 20, "hidden": false, "unit": "oz", "ingredient": 24}}, {"pk": 80, "model": "drinks.quantity", "fields": {"amount": 1.0, "recipe": 20, "hidden": false, "unit": "oz", "ingredient": 6}}, {"pk": 81, "model": "drinks.quantity", "fields": {"amount": 2.0, "recipe": 20, "hidden": false, "unit": "dash", "ingredient": 11}}, {"pk": 82, "model": "drinks.quantity", "fields": {"amount": 2.0, "recipe": 21, "hidden": false, "unit": "oz", "ingredient": 25}}, {"pk": 83, "model": "drinks.quantity", "fields": {"amount": 0.75, "recipe": 21, "hidden": false, "unit": "oz", "ingredient": 10}}, {"pk": 84, "model": "drinks.quantity", "fields": {"amount": 0.5, "recipe": 21, "hidden": false, "unit": "oz", "ingredient": 23}}, {"pk": 85, "model": "drinks.quantity", "fields": {"amount": 2.0, "recipe": 22, "hidden": false, "unit": "oz", "ingredient": 4}}, {"pk": 86, "model": "drinks.quantity", "fields": {"amount": 0.75, "recipe": 22, "hidden": false, "unit": "oz", "ingredient": 6}}, {"pk": 87, "model": "drinks.quantity", "fields": {"amount": 2.0, "recipe": 22, "hidden": false, "unit": "teaspoon", "ingredient": 34}}, {"pk": 88, "model": "drinks.quantity", "fields": {"amount": 0.5, "recipe": 22, "hidden": false, "unit": "teaspoon", "ingredient": 22}}, {"pk": 0, "model": "drinks.recipe", "fields": {"updated": "2019-07-21T12:09:39.643Z", "name": "Last Word", "created": "2018-10-10T19:08:44.858Z", "url": null, "tags": [], "source": "Classic Cocktail", "book": 24, "directions": "Shake ingredients with ice and strain into a chilled glass.", "slug": "last-word", "added_by": 1, "description": "Easy to assemble but hard to forget, this Prohibition-era Last Word cocktail has found its way into a new generation of cocktail glasses thanks in part to Seattle-based bartender Murray Stenson who helped re-popularize the drink."}}, {"pk": 1, "model": "drinks.recipe", "fields": {"updated": "2019-07-21T12:09:39.662Z", "name": "Manhattan", "created": "2018-10-10T19:12:30.532Z", "url": null, "tags": [], "source": "Classic Cocktail", "book": 24, "directions": "Stir with ice, pour into cocktail glass and garnish with a maraschino cherry.", "slug": "manhattan", "added_by": 1, "description": "A popular history suggests that the drink originated at the Manhattan Club in New York City in the early 1870s, where it was invented by Dr. Iain Marshall for a banquet hosted by Jennie Jerome in honor of presidential candidate Samuel J. Tilden."}}, {"pk": 2, "model": "drinks.recipe", "fields": {"updated": "2019-07-21T12:09:49.041Z", "name": "Negroni", "created": "2019-03-06T02:37:47.191Z", "url": null, "tags": [], "source": "Classic Cocktail", "book": 24, "directions": "Stir with ice, pour into a rocks glass, and garnish with an orange twist.", "slug": "negroni", "added_by": 1, "description": "Easy to make and refreshingly bitter, the Negroni is said to have been invented in Florence by a dauntless Italian count who demanded that the bartender replace the club soda in his Americano with gin. It was a substitution that launched a thousand riffs."}}, {"pk": 3, "model": "drinks.recipe", "fields": {"updated": "2019-07-21T12:09:49.058Z", "name": "Boulevardier", "created": "2019-03-09T00:05:27.033Z", "url": null, "tags": [], "source": "Classic Cocktail", "book": 24, "directions": "Stir with ice, pour into a cocktail coupe with a large ice cube, garnish with an orange twist.", "slug": "boulevardier", "added_by": 1, "description": "Swap out the gin in a Negroni for rye whiskey and you get the delicious Boulevardier. It\u2019s equally complex as its gin-based predecessor, but the whiskey adds warmth, making it perfect for autumn and winter drinking."}}, {"pk": 4, "model": "drinks.recipe", "fields": {"updated": "2020-05-26T13:11:36.386Z", "name": "Scofflaw", "created": "2019-03-09T00:07:52.874Z", "url": null, "tags": [], "source": "Classic Cocktail", "book": 24, "directions": "Shake with ice, strain into a cocktail glass.", "slug": "scofflaw", "added_by": 1, "description": "This whiskey drink was invented in Paris while the U.S. suffered through Prohibition."}}, {"pk": 5, "model": "drinks.recipe", "fields": {"updated": "2019-07-21T12:09:49.090Z", "name": "Daiquiri", "created": "2019-03-09T00:10:35.534Z", "url": null, "tags": [], "source": "Classic Cocktail", "book": 24, "directions": "Shake with ice and strain into a cocktail coupe glass.  Garnish with a lime twist.", "slug": "daiquiri", "added_by": 1, "description": "The Daiquiri is simple and sublime, a delicate blend of rum\u2019s sweetness with the raw freshness of sugar and lime juice."}}, {"pk": 6, "model": "drinks.recipe", "fields": {"updated": "2019-07-21T12:09:49.107Z", "name": "Vieux Carr\u00e9", "created": "2019-03-09T00:14:44.940Z", "url": null, "tags": [], "source": "Classic Cocktail", "book": 24, "directions": "Stir with ice, strain into a rocks glass, garnish with a lemon peel.", "slug": "vieux-carre", "added_by": 1, "description": "The Vieux Carr\u00e9 was first stirred to life at New Orleans\u2019 legendary Hotel Monteleone in the 1930s. Like so many classic cocktails from that city, the recipe represents the crosscurrents of America at the time: brandy and liqueur from France, Italian vermouth, rye whiskey from just up the Mississippi and Caribbean bitters. The Vieux Carr\u00e9 is at once boozy, sweet, bitter and smooth\u2014in other words, New Orleans."}}, {"pk": 7, "model": "drinks.recipe", "fields": {"updated": "2019-07-21T12:09:49.968Z", "name": "Margarita", "created": "2019-03-16T18:38:21.761Z", "url": null, "tags": [7], "source": "Classic Cocktail", "book": 24, "directions": "Line the rim of a rocks glass with salt, shake with ice, and strain into the glass.  Garnish with a lime wheel.", "slug": "margarita", "added_by": 1, "description": "The Margarita is one of the most popular cocktails in North America\u2014for good reason. Combining the tang of lime and the sweetness of orange liqueur with the distinctive strength of tequila, our classic Margarita strikes all of the right keys."}}, {"pk": 8, "model": "drinks.recipe", "fields": {"updated": "2019-07-21T12:09:52.519Z", "name": "Sardinian Iced Tea", "created": "2019-04-06T21:45:46.125Z", "url": null, "tags": [4, 9], "source": "Classic Cocktail", "book": 24, "directions": "Fill a Collins glass with ice. Pour Amaro in (different amaros will give different variations). Cut a thin wheel off the half lemon for garnish. Squeeze the juice from the half lemon into the drink. Top with prosecco (or champagne) to your liking. Depending on the amaro you may want to stir a bit so it doesn't all sit at the bottom. Garnish with the lemon wheel.", "slug": "sardinian-iced-tea", "added_by": 1, "description": "Grace's introduction to Amaro! She first had the drink at Coppa in Boston and tried to reproduce, slowly discovering that Amaro was not a single liquor but a whole genre where every different Amaro is distinct. Using Lucano or Donna Rosa is great, using Cardamaro not so much. But play around. This is the perfect porch drink, simple, boozy, refreshing."}}, {"pk": 9, "model": "drinks.recipe", "fields": {"updated": "2019-07-22T23:26:58.814Z", "name": "Tom Collins", "created": "2019-06-01T17:16:46.541Z", "url": null, "tags": [], "source": "Classic Cocktail", "book": 24, "directions": "Pour the gin, lemon juice and simple syrup into an ice filled collins glass. Top with club soda and stir gently. Garnish with a lemon slice and cherry.", "slug": "tom-collins", "added_by": 1, "description": "The epitome of 1950's suburbia, this classic drink was actually created in the mid-1800's by John Collins, barman at Limmer's Hotel in London, as a variation on his Holland gin-based John Collins cocktail. The original drink was named after the slightly sweet Old Tom gin, as opposed to the the later version made with London dry gin, which became much more popular, catching on here after World War I vets brought it back home to America."}}, {"pk": 10, "model": "drinks.recipe", "fields": {"updated": "2019-07-21T12:09:55.818Z", "name": "Mojito", "created": "2019-06-14T22:41:24.395Z", "url": null, "tags": [], "source": "Classic Cocktail", "book": 24, "directions": "Lightly muddle the mint in a shaker.\nAdd the rum, lime juice, simple syrup and ice and give it a brief shake.\nStrain into a highball glass.\nTop with the club soda.\nGarnish with a mint sprig", "slug": "mojito", "added_by": 1, "description": ""}}, {"pk": 11, "model": "drinks.recipe", "fields": {"updated": "2019-07-21T12:09:56.005Z", "name": "Stinger", "created": "2019-07-16T01:24:05.805Z", "url": null, "tags": [], "source": "Classic Cocktail", "book": 24, "directions": "Shake with ice, strain into a cocktail glass.", "slug": "stinger", "added_by": 1, "description": "\"Stingers, and keep them coming.\" \u2014 Cary Grant, as a navy pilot, in \"Kiss Them for Me\"."}}, {"pk": 12, "model": "drinks.recipe", "fields": {"updated": "2019-07-26T21:58:58.060Z", "name": "1794", "created": "2019-07-21T14:17:07.006Z", "url": null, "tags": [5], "source": "Classic Cocktail", "book": 24, "directions": "Stir with ice, strain into a cocktail glass, and garnish with an orange peel.", "slug": "_1794", "added_by": 1, "description": "A classic cocktail that combines the Boulevardier with the Manhattan."}}, {"pk": 13, "model": "drinks.recipe", "fields": {"updated": "2019-07-21T15:43:28.766Z", "name": "Japanese Cocktail", "created": "2019-07-21T15:43:28.761Z", "url": null, "tags": [5], "source": "Classic Cocktail", "book": 24, "directions": "Stir with ice, strain into a cocktail glass, garnish with a lemon peel.", "slug": "japanese-cocktail", "added_by": 1, "description": "A classic from the 1864 \"How to Mix Drinks\" by Jerry Thomas."}}, {"pk": 14, "model": "drinks.recipe", "fields": {"updated": "2019-07-22T23:20:10.377Z", "name": "Havana Cocktail", "created": "2019-07-22T23:20:10.369Z", "url": null, "tags": [], "source": "Classic Cocktail", "book": 24, "directions": "Shake with ice and strain into a cocktail glass.", "slug": "havana-cocktail", "added_by": 1, "description": "A very sweet standard, optionally garnished with a lemon twist."}}, {"pk": 15, "model": "drinks.recipe", "fields": {"updated": "2019-07-22T23:26:37.164Z", "name": "Rome With a View", "created": "2019-07-22T23:26:37.160Z", "url": null, "tags": [4], "source": "Classic Cocktail", "book": 23, "directions": "Shake with ice (except soda water), strain into a Collins glass containing 2 oz soda water, and garnish with an orange wheel.", "slug": "rome-with-a-view", "added_by": 1, "description": "Michael McIlroy invented this cross between an Americano and a Collins for a low-alcohol summer sipper."}}, {"pk": 16, "model": "drinks.recipe", "fields": {"updated": "2019-07-30T23:47:43.882Z", "name": "Seventh Heaven", "created": "2019-07-22T23:57:30.775Z", "url": null, "tags": [5], "source": "Classic Cocktail", "book": 24, "directions": "Shake with ice, strain into a cocktail coupe, and garnish with a sprig of mint.", "slug": "seventh-heaven", "added_by": 1, "description": "A lovely gin-based classic cocktail.  Fresh-squeezed grapefruit is recommended here."}}, {"pk": 17, "model": "drinks.recipe", "fields": {"updated": "2020-05-31T00:36:54.649Z", "name": "Sensation", "created": "2019-07-23T00:03:11.706Z", "url": null, "tags": [5], "source": "Classic Cocktail", "book": 24, "directions": "Shake with ice and double-strain into a cocktail coupe.  Garnish with a sprig of mint.", "slug": "sensation", "added_by": 1, "description": "A gin-based classic featuring lemon and mint."}}, {"pk": 18, "model": "drinks.recipe", "fields": {"updated": "2019-07-27T22:32:12.506Z", "name": "Lion's Tail", "created": "2019-07-27T22:32:12.490Z", "url": null, "tags": [], "source": "Classic Cocktail", "book": 24, "directions": "Shake with ice, strain into a cocktail glass, and garnish with a lime twist.", "slug": "lions-tail", "added_by": 1, "description": "First published in the Caf\u00e9 Royal Cocktail Book in 1937, this cocktail originally called for gomme syrup instead of simple."}}, {"pk": 19, "model": "drinks.recipe", "fields": {"updated": "2019-07-27T22:39:21.449Z", "name": "Singapore Sling", "created": "2019-07-27T22:39:21.444Z", "url": null, "tags": [4], "source": "Classic Cocktail", "book": 24, "directions": "Shake with ice (except soda water), strain into a Collins glass, fill with ice and top with 2 oz soda water.  Garnish with a lemon twist and a cherry.", "slug": "singapore-sling", "added_by": 1, "description": "A classic cocktail, originally developed by Ngiam Tong Boon at the Raffles Hotel in Singapore circa 1915.  Feel free to vary the quantities or experiment with grenadine or pineapple juice."}}, {"pk": 20, "model": "drinks.recipe", "fields": {"updated": "2019-09-22T22:36:41.827Z", "name": "Marconi Wireless", "created": "2019-09-22T22:36:41.822Z", "url": "", "tags": [5], "source": "Classic Cocktail", "book": 24, "directions": "Stir with ice and strain into a cocktail glass. Garnish with a lemon peel.", "slug": "marconi-wireless", "added_by": 1, "description": "An Applejack based Manhattan variation whose name comes from Guglielmo Marconi, an inventor known for his pioneering work on long-distance radio transmission."}}, {"pk": 21, "model": "drinks.recipe", "fields": {"updated": "2019-12-21T16:43:14.959Z", "name": "Bee's Knees", "created": "2019-12-21T16:43:14.951Z", "url": "", "tags": [], "source": "Classic Cocktail", "book": 24, "directions": "Shake with ice, strain into a coupe glass, garnish with a lemon twist.", "slug": "bees-knees", "added_by": 1, "description": "A classic honey recipe. Insert your favorite \"buzzworthy\" joke here."}}, {"pk": 22, "model": "drinks.recipe", "fields": {"updated": "2019-12-22T00:14:33.314Z", "name": "Remember the Maine", "created": "2019-12-22T00:14:33.307Z", "url": "", "tags": [], "source": "Classic Cocktail", "book": 24, "directions": "Stir with ice, strain into a cocktail glass, and garnish with a brandied cherry.", "slug": "remember-the-maine", "added_by": 1, "description": "A cherry infused Manhattan."}}]