[
    {
        "fields": {
            "category": 1,
            "created": "2018-11-21T20:17:33.735Z",
            "description": null,
            "generic": false,
            "name": "Gin",
            "substitutions": []
        },
        "model": "drinks.ingredient",
        "pk": 1
    },
    {
        "fields": {
            "category": 1,
            "created": "2018-11-21T20:17:33.735Z",
            "description": null,
            "generic": false,
            "name": "Rye",
            "substitutions": []
        },
        "model": "drinks.ingredient",
        "pk": 2
    },
    {
        "fields": {
            "category": 1,
            "created": "2018-11-21T20:17:33.735Z",
            "description": null,
            "generic": false,
            "name": "Sweet Vermouth",
            "substitutions": []
        },
        "model": "drinks.ingredient",
        "pk": 3
    },
    {
        "fields": {
            "category": 4,
            "created": "2018-11-21T20:17:33.735Z",
            "description": null,
            "generic": false,
            "name": "Lemon Juice",
            "substitutions": []
        },
        "model": "drinks.ingredient",
        "pk": 4
    },
    {
        "fields": {
            "category": 1,
            "created": "2018-11-21T20:17:33.735Z",
            "description": null,
            "generic": false,
            "name": "Green Chartreuse",
            "substitutions": []
        },
        "model": "drinks.ingredient",
        "pk": 5
    },
    {
        "fields": {
            "category": 4,
            "created": "2018-11-21T20:17:33.735Z",
            "description": null,
            "generic": false,
            "name": "Lime Juice",
            "substitutions": []
        },
        "model": "drinks.ingredient",
        "pk": 6
    },
    {
        "fields": {
            "category": 3,
            "created": "2018-11-21T20:17:33.735Z",
            "description": null,
            "generic": false,
            "name": "Simple Syrup",
            "substitutions": []
        },
        "model": "drinks.ingredient",
        "pk": 7
    },
    {
        "fields": {
            "category": 1,
            "created": "2018-11-21T20:17:33.735Z",
            "description": null,
            "generic": false,
            "name": "St. Germain",
            "substitutions": []
        },
        "model": "drinks.ingredient",
        "pk": 8
    },
    {
        "fields": {
            "category": 1,
            "created": "2018-11-21T20:17:33.735Z",
            "description": null,
            "generic": false,
            "name": "Strega",
            "substitutions": []
        },
        "model": "drinks.ingredient",
        "pk": 9
    },
    {
        "fields": {
            "category": 1,
            "created": "2018-11-21T20:17:33.735Z",
            "description": null,
            "generic": false,
            "name": "Fernet Branca",
            "substitutions": []
        },
        "model": "drinks.ingredient",
        "pk": 10
    },
    {
        "fields": {
            "category": 1,
            "created": "2018-11-21T20:17:33.735Z",
            "description": null,
            "generic": false,
            "name": "Sfumato",
            "substitutions": []
        },
        "model": "drinks.ingredient",
        "pk": 11
    },
    {
        "fields": {
            "category": 1,
            "created": "2018-11-21T20:17:33.735Z",
            "description": null,
            "generic": false,
            "name": "Luxardo Maraschino",
            "substitutions": []
        },
        "model": "drinks.ingredient",
        "pk": 12
    },
    {
        "fields": {
            "category": 1,
            "created": "2018-11-21T20:17:33.735Z",
            "description": null,
            "generic": false,
            "name": "Old Overholt Rye",
            "substitutions": [
                2
            ]
        },
        "model": "drinks.ingredient",
        "pk": 13
    },
    {
        "fields": {
            "category": 2,
            "created": "2018-11-21T20:17:33.735Z",
            "description": null,
            "generic": false,
            "name": "Angostura Bitters",
            "substitutions": []
        },
        "model": "drinks.ingredient",
        "pk": 14
    },
    {
        "fields": {
            "category": 2,
            "created": "2018-11-21T20:17:33.735Z",
            "description": null,
            "generic": false,
            "name": "Peychaud's Bitters",
            "substitutions": []
        },
        "model": "drinks.ingredient",
        "pk": 15
    },
    {
        "fields": {
            "category": 1,
            "created": "2018-11-21T20:17:33.735Z",
            "description": null,
            "generic": false,
            "name": "Herbsaint",
            "substitutions": []
        },
        "model": "drinks.ingredient",
        "pk": 16
    },
    {
        "fields": {
            "category": 3,
            "created": "2018-11-21T20:17:33.735Z",
            "description": null,
            "generic": false,
            "name": "Demerara syrup",
            "substitutions": []
        },
        "model": "drinks.ingredient",
        "pk": 17
    },
    {
        "fields": {
            "amount": 1.0,
            "hidden": false,
            "ingredient": 2,
            "recipe": 1,
            "unit": 1
        },
        "model": "drinks.quantity",
        "pk": 1
    },
    {
        "fields": {
            "amount": 0.75,
            "hidden": false,
            "ingredient": 9,
            "recipe": 1,
            "unit": 1
        },
        "model": "drinks.quantity",
        "pk": 2
    },
    {
        "fields": {
            "amount": 0.75,
            "hidden": false,
            "ingredient": 11,
            "recipe": 1,
            "unit": 1
        },
        "model": "drinks.quantity",
        "pk": 3
    },
    {
        "fields": {
            "amount": 0.75,
            "hidden": false,
            "ingredient": 4,
            "recipe": 1,
            "unit": 1
        },
        "model": "drinks.quantity",
        "pk": 4
    },
    {
        "fields": {
            "amount": 0.75,
            "hidden": false,
            "ingredient": 1,
            "recipe": 2,
            "unit": 1
        },
        "model": "drinks.quantity",
        "pk": 5
    },
    {
        "fields": {
            "amount": 0.75,
            "hidden": false,
            "ingredient": 5,
            "recipe": 2,
            "unit": 1
        },
        "model": "drinks.quantity",
        "pk": 6
    },
    {
        "fields": {
            "amount": 0.75,
            "hidden": false,
            "ingredient": 12,
            "recipe": 2,
            "unit": 1
        },
        "model": "drinks.quantity",
        "pk": 7
    },
    {
        "fields": {
            "amount": 0.75,
            "hidden": false,
            "ingredient": 6,
            "recipe": 2,
            "unit": 1
        },
        "model": "drinks.quantity",
        "pk": 8
    },
    {
        "fields": {
            "amount": 2.0,
            "hidden": false,
            "ingredient": 2,
            "recipe": 3,
            "unit": 1
        },
        "model": "drinks.quantity",
        "pk": 9
    },
    {
        "fields": {
            "amount": 1.0,
            "hidden": false,
            "ingredient": 3,
            "recipe": 3,
            "unit": 1
        },
        "model": "drinks.quantity",
        "pk": 10
    },
    {
        "fields": {
            "amount": 2.0,
            "hidden": false,
            "ingredient": 14,
            "recipe": 3,
            "unit": 2
        },
        "model": "drinks.quantity",
        "pk": 11
    },
    {
        "fields": {
            "amount": 2.0,
            "hidden": false,
            "ingredient": 2,
            "recipe": 4,
            "unit": 1
        },
        "model": "drinks.quantity",
        "pk": 12
    },
    {
        "fields": {
            "amount": 1.0,
            "hidden": false,
            "ingredient": 7,
            "recipe": 4,
            "unit": 5
        },
        "model": "drinks.quantity",
        "pk": 13
    },
    {
        "fields": {
            "amount": 4.0,
            "hidden": false,
            "ingredient": 15,
            "recipe": 4,
            "unit": 2
        },
        "model": "drinks.quantity",
        "pk": 14
    },
    {
        "fields": {
            "amount": 0.25,
            "hidden": false,
            "ingredient": 16,
            "recipe": 4,
            "unit": 1
        },
        "model": "drinks.quantity",
        "pk": 15
    },
    {
        "fields": {
            "amount": 2.0,
            "hidden": false,
            "ingredient": 2,
            "recipe": 5,
            "unit": 1
        },
        "model": "drinks.quantity",
        "pk": 16
    },
    {
        "fields": {
            "amount": 0.25,
            "hidden": false,
            "ingredient": 10,
            "recipe": 5,
            "unit": 1
        },
        "model": "drinks.quantity",
        "pk": 17
    },
    {
        "fields": {
            "amount": 0.25,
            "hidden": false,
            "ingredient": 17,
            "recipe": 5,
            "unit": 1
        },
        "model": "drinks.quantity",
        "pk": 18
    },
    {
        "fields": {
            "amount": 2.0,
            "hidden": false,
            "ingredient": 14,
            "recipe": 5,
            "unit": 2
        },
        "model": "drinks.quantity",
        "pk": 19
    },
    {
        "fields": {
            "amount": 1.5,
            "hidden": false,
            "ingredient": 13,
            "recipe": 6,
            "unit": 1
        },
        "model": "drinks.quantity",
        "pk": 20
    },
    {
        "fields": {
            "amount": 1.0,
            "hidden": false,
            "ingredient": 8,
            "recipe": 6,
            "unit": 1
        },
        "model": "drinks.quantity",
        "pk": 21
    },
    {
        "fields": {
            "amount": 1.0,
            "hidden": false,
            "ingredient": 4,
            "recipe": 6,
            "unit": 1
        },
        "model": "drinks.quantity",
        "pk": 22
    },
    {
        "fields": {
            "added_by": 1,
            "created": "2018-10-10T14:14:40.019Z",
            "description": "A variation of the Josie Packard's Prosecutor with smoky amaro and Strega.",
            "directions": "Shake with ice, pour into coupe glass. Experiment with bitters and garnish, maybe a luxardo cherry. Experiment with Campari for color.",
            "name": "Special Counsel",
            "slug": "special-counsel",
            "source": "Greg"
        },
        "model": "drinks.recipe",
        "pk": 1
    },
    {
        "fields": {
            "added_by": 1,
            "created": "2018-10-10T19:08:44.858Z",
            "description": "Easy to assemble but hard to forget, this Prohibition-era Last Word cocktail has found its way into a new generation of cocktail glasses thanks in part to Seattle-based bartender Murray Stenson who helped re-popularize the drink.",
            "directions": "Shake ingredients with ice and strain into a chilled glass.",
            "name": "Last Word",
            "slug": "last-word",
            "source": "Classic Cocktail"
        },
        "model": "drinks.recipe",
        "pk": 2
    },
    {
        "fields": {
            "added_by": 1,
            "created": "2018-10-10T19:12:30.532Z",
            "description": "A popular history suggests that the drink originated at the Manhattan Club in New York City in the early 1870s, where it was invented by Dr. Iain Marshall for a banquet hosted by Jennie Jerome in honor of presidential candidate Samuel J. Tilden.",
            "directions": "Stir with ice, pour into cocktail glass and garnish with a maraschino cherry.",
            "name": "Manhattan",
            "slug": "manhattan",
            "source": "Classic Cocktail"
        },
        "model": "drinks.recipe",
        "pk": 3
    },
    {
        "fields": {
            "added_by": 1,
            "created": "2018-10-11T23:14:03.765Z",
            "description": "The Sazerac is an unusual old-school drink with the fine distinction of The Official Cocktail of New Orleans. No garnish, no ice, no citrus juice - but deeply refreshing and smooth. It was originally made with Cognac, but since 1880 or so, rye whiskey has been the standard. And that's a good thing: Rye's peppery intensity gets a serious flavor going up front where Cognac might just lay back and take it.",
            "directions": "Coat a chilled old fashioned glass in Herbsaint.  Stir the other ingredients with ice, then double strain into the glass.  Pinch a lemon twist over the drink to express oils onto its surface, then rub the twist around the glass rim to coat. Discard the twist.",
            "name": "Sazerac",
            "slug": "sazerac",
            "source": "Classic Cocktail"
        },
        "model": "drinks.recipe",
        "pk": 4
    },
    {
        "fields": {
            "added_by": 1,
            "created": "2018-10-20T21:51:12.317Z",
            "description": "",
            "directions": "Combine all ingredients in a mixing glass filled with ice. Stir until chilled and strain into a chilled coupe or cocktail glass. Garnish with an orange twist.",
            "name": "Toronto",
            "slug": "toronto",
            "source": "Classic Cocktail"
        },
        "model": "drinks.recipe",
        "pk": 5
    },
    {
        "fields": {
            "added_by": 1,
            "created": "2019-02-09T23:56:01.918Z",
            "description": "While technically a childcare recovery drink should contain gin, this is a no-nonsense way to take the edge off without anything weird like cinnamon syrup or K\u00fcmmel or something.",
            "directions": "Shake with ice and strain into a coupe glass.",
            "name": "End of Childcare Day",
            "slug": "end-of-childcare-day",
            "source": "Greg"
        },
        "model": "drinks.recipe",
        "pk": 6
    }
]
